StartDate,EndDate,Status,IPAddress,Progress,Duration (in seconds),Finished,RecordedDate,ResponseId,RecipientLastName,RecipientFirstName,RecipientEmail,ExternalReference,LocationLatitude,LocationLongitude,DistributionChannel,UserLanguage,Q_RecaptchaScore,Instruction,Q5,Q5_5_TEXT,Q9,Q8,1,2,3,303 ,304,305,306,307,309,310,312,313,314,315,317,318,320,321,322,323,331,333,334,335,336,338,339 ,340,341,346,347,348,349,350,351,4,5,6,7,8,9,11,12,13,14,15,16,17,18,20,21,23,24,25,26,27,28,29,30,31,32,33,34,36,37,38,39,40,41,42,43,45,46,48,49,50,51,52,53,54,55,56,57,58,60,61,62,63,64,65,66,67,69,70,72,73,74,75,76,77,78,79,80,81,83,84,85,86,87,88,89,90,92,93,95,96,97,98,99,100,101,102,103,105,106,107,108,109,110,111,112,114,115,117,118,119,120,121,122,123,124,126,127,128,129,130,131,132,133,135,136,138,139,140,141,142,143,144,146,147,148,149,150,151,152,153,155,156,158,159,160,161,162,163,165,166,167,168,169,170,171,172,174,175,177,178,179,180,181,183,184,185,186,187,188,189,190,192,193,195,196,197,198,200,201,202,203 ,204,205,206,207,209,210 ,212,213,214,215,232,233,234,235,236,237,238,240,241,243,244,245,246,247,248,249,250,251,252,254,255,257,258,259,260,261,262,263,264,265,267,268,270 ,271,272,273,274,275,276,277,279,280,282,283,284,285,286,287,288,290,291,293,294,295,296,297,298,300,301,Q732,Q733
2024-07-25 10:03:41,2024-07-25 10:38:15,IP Address,*******,100,2074,True,2024-07-25 10:38:16,R_3jxNAsvQdlNmDOF,*******,*******,*******,*******,*******,*******,anonymous,EN,1,"I have read the above information, and have received answers to any questions I asked.,I consent to take part in the study.",academia,,5,Assistant Professor,Pedestrian density ,,,,Vehicle traffic,,,,GPS signal strength,,,,,,,,Bicycle traffic,,,Intersection safety,Pedestrian flow,GPS signal strength,,,,,,,,,,,,,,,,,,,,Weather conditions,,,,,,,,,,,,,,,,,,,,,Pedestrian density ,,,,,,,Pedestrian density ,,,,,,,,,,,,,"Density of street furniture (e.g. garbage, poles)  ",,Weather conditions,,,,,,,,,,,,,"Density of street furniture (e.g. garbage, poles)  ",,,,,,,,,,,,Sidewalk / Surface roughness,,Sidewalk / Surface roughness,,Sidewalk / Surface roughness,,,,,,,,Surface condition,Surface condition,,,Surface condition,,Surface condition,Surface condition,,,GPS signal strength,,,,,,,"Wireless communication infrastructure (e.g. 5G, IoT, Wi-Fi)",,Curb ramp availability,,,,,,,,,,,,,,,,,Slope gradient (i.e. elevation change),,,,Slope gradient (i.e. elevation change),,,,,,,,,,,,,Weather conditions,,,,,Proximity to charging stations,,,,,,,,,,,,,,,Local attitudes towards robots,,,GPS signal strength,,,,,Intersection safety,,Curb ramp availability,,,,,,,,,,,,,,,,Weather conditions,,,,,Weather conditions,,Weather conditions,,,,,,,,,,,,,,,,,,,,,,,,,Intersection safety,,,Street lighting,Surveillance coverage (CCTV),,,,,,Intersection safety,,Street lighting,,,,,,,,,,,,,
2024-07-28 06:54:09,2024-07-28 06:59:03,IP Address,*******,100,294,True,2024-07-28 06:59:04,R_4Ja6N2fI0iqKajL,*******,*******,*******,*******,*******,*******,anonymous,EN,0.699999988079071,"I have read the above information, and have received answers to any questions I asked.,I consent to take part in the study.",academia,,3,PhD,,,Sidewalk / Surface roughness,,,,,Street lighting,,,Street lighting,,,Intersection safety,,Pedestrian flow,,,,,,,Vehicle traffic,Existence of detailed digital maps of the area,,,,,,Bicycle traffic,,,Vehicle traffic,,,,,,,Sidewalk width,,,,Sidewalk width,,Zoning laws and regulation,,,,,,Bicycle traffic,,Sidewalk width,,,,,,,Pedestrian density ,Pedestrian density ,,,,,,,,,,Pedestrian density ,,,,,,,,"Wireless communication infrastructure (e.g. 5G, IoT, Wi-Fi)","Density of street furniture (e.g. garbage, poles)  ",,,,,,,,"Density of street furniture (e.g. garbage, poles)  ","Density of street furniture (e.g. garbage, poles)  ",,,,,,Vehicle traffic,Existence of detailed digital maps of the area,,,,,,,,,,,,,,,,,,,Vehicle traffic,,,Surface condition,,,,,,Crowd dynamics - purpose with which people navigate in the space,,,,,,,,,Surface condition,,,,,,,,"Wireless communication infrastructure (e.g. 5G, IoT, Wi-Fi)",,,,,,,,,,Bicycle traffic,,,,,,,Weather conditions,,,,,,,,,,Slope gradient (i.e. elevation change),Vehicle traffic,Existence of detailed digital maps of the area,,,,,,Traffic management systems,,,,,,,,Bicycle traffic,,,,Local attitudes towards robots,Local attitudes towards robots,,,,,,,,,,,Local attitudes towards robots,,,Weather conditions,,,,,,Street lighting,Curb ramp availability,,,,,,Intersection safety,Crowd dynamics - purpose with which people navigate in the space,,,,,,,GPS signal strength,,,,,,,,,,,,,Crowd dynamics - purpose with which people navigate in the space,,,,,,Zoning laws and regulation,,,"Existence of shade (e.g., trees)",,,,Vehicle traffic,,,,,,,,,,Surveillance coverage (CCTV),,,,,,,,Zoning laws and regulation,,,,,,,,,
2024-07-30 03:46:54,2024-07-30 03:53:25,IP Address,*******,100,391,True,2024-07-30 03:53:26,R_2zWUCraVXw2SG0V,*******,*******,*******,*******,*******,*******,anonymous,EN,1,"I have read the above information, and have received answers to any questions I asked.,I consent to take part in the study.",academia,,10,Full Professor Psychology of HCI,,,Sidewalk width,Bicycle traffic,Vehicle traffic,,,,GPS signal strength,,,,,,,,,Vehicle traffic,,Intersection safety,,,,Existence of detailed digital maps of the area,Intersection safety,,,,,Bicycle traffic,,Intersection safety,,,,,,,,,Sidewalk width,,,,,Sidewalk width,,,,,,,,,,,,Pedestrian density ,Pedestrian density ,,,,Pedestrian density ,,,,,,,,,,,,,,Pedestrian density ,,,,"Density of street furniture (e.g. garbage, poles)  ",,,,,,,,,"Density of street furniture (e.g. garbage, poles)  ",,,,,,"Density of street furniture (e.g. garbage, poles)  ",,,,,,Proximity to charging stations,,,,,,,Sidewalk / Surface roughness,Sidewalk / Surface roughness,Sidewalk / Surface roughness,,,,,,,,,,,,,,,,,,,,,,,Surface condition,Vehicle traffic,,,,,,,Weather conditions,,,"Wireless communication infrastructure (e.g. 5G, IoT, Wi-Fi)",,"Wireless communication infrastructure (e.g. 5G, IoT, Wi-Fi)",,"Wireless communication infrastructure (e.g. 5G, IoT, Wi-Fi)",,Pedestrian flow,"Wireless communication infrastructure (e.g. 5G, IoT, Wi-Fi)",,Existence of detailed digital maps of the area,Intersection safety,,,,,,,,,,,,,,Slope gradient (i.e. elevation change),,,,Proximity to charging stations,Curb ramp availability,,,,,,,,,,,,,,,,,,Traffic management systems,,,,,,,,,,,,,,,,Curb ramp availability,Curb ramp availability,,Curb ramp availability,,,,Vehicle traffic,,,,,,,,,,,,,,,Weather conditions,,,,,,Crowd dynamics - purpose with which people navigate in the space,,,,,,,,,,,,,,,,,,,,,Surveillance coverage (CCTV),GPS signal strength,,,Vehicle traffic,,,,Zoning laws and regulation,,GPS signal strength,,Bicycle traffic,Vehicle traffic,,,,,,,,
2024-07-30 04:36:44,2024-07-30 04:45:10,IP Address,*******,100,506,True,2024-07-30 04:45:11,R_2gkcrtDPFuEFT6H,*******,*******,*******,*******,*******,*******,anonymous,EN,1,"I have read the above information, and have received answers to any questions I asked.,I consent to take part in the study.",academia,,23,Professor in Language and Technology Interaction,Pedestrian density ,,,,,Existence of detailed digital maps of the area,Intersection safety,,,Pedestrian flow,,,,,,,,,,,Pedestrian flow,,Vehicle traffic,,,Pedestrian flow,Pedestrian flow,,,,Bicycle traffic,,,,,,,,,,,,,,,,Sidewalk width,Sidewalk width,,,,,,Sidewalk width,,,,,,,,Pedestrian density ,,,,,,,,,,,,,Pedestrian density ,,,,Surface condition,,,,,,,,,,,,,"Density of street furniture (e.g. garbage, poles)  ",,,,,,,,,,,,Curb ramp availability,,Crowd dynamics - purpose with which people navigate in the space,,Sidewalk / Surface roughness,,,,,Sidewalk / Surface roughness,,Bicycle traffic,,,Sidewalk / Surface roughness,,,,,,Weather conditions,,,,,,,,,,,,,,,,Local attitudes towards robots,,,Crowd dynamics - purpose with which people navigate in the space,,,,,"Wireless communication infrastructure (e.g. 5G, IoT, Wi-Fi)",,,,,,,,,,,Weather conditions,,,,,,Slope gradient (i.e. elevation change),Slope gradient (i.e. elevation change),,Pedestrian flow,,,Slope gradient (i.e. elevation change),,,,Weather conditions,Crowd dynamics - purpose with which people navigate in the space,,,Zoning laws and regulation,,,"Existence of shade (e.g., trees)",,,Bicycle traffic,Vehicle traffic,,,,Local attitudes towards robots,,,Local attitudes towards robots,,Local attitudes towards robots,,,Local attitudes towards robots,,,,,,,,Curb ramp availability,Curb ramp availability,,,,,,,Bicycle traffic,,,,,Weather conditions,,,,,,,,,Vehicle traffic,,,Crowd dynamics - purpose with which people navigate in the space,Crowd dynamics - purpose with which people navigate in the space,,,,,,,,,Crowd dynamics - purpose with which people navigate in the space,,,,,,,Traffic management systems,,,,,,,,,,,,,,,,,,,,,,,,,,,,,I'm afraid people's responses will crucially depend on whether they work on the human social spaces or on the technology side of navigation... ,
2024-07-30 04:49:33,2024-07-30 04:56:28,IP Address,*******,100,415,True,2024-07-30 04:56:29,R_4CBAKThB9MThSiW,*******,*******,*******,*******,*******,*******,anonymous,EN,0.699999988079071,"I have read the above information, and have received answers to any questions I asked.,I consent to take part in the study.",academia,,3,Researcher in Robotics,,"Density of street furniture (e.g. garbage, poles) ",,,,,,,,,,,Existence of detailed digital maps of the area,,"Existence of shade (e.g., trees)",,Bicycle traffic,,Existence of detailed digital maps of the area,,,,,,,,,Pedestrian flow,,,,,,,,,Sidewalk width,,Sidewalk width,,,Sidewalk width,,,,,,,,Sidewalk width,,Sidewalk width,,,,,Pedestrian density ,,,Pedestrian density ,Pedestrian density ,,,,,,,,,Pedestrian density ,,,,,,,,,,,,,,,,,,,,,,,,,,,"Density of street furniture (e.g. garbage, poles)  ",,,,Sidewalk / Surface roughness,,Sidewalk / Surface roughness,,,,Sidewalk / Surface roughness,,,,,Sidewalk / Surface roughness,,Pedestrian flow,,,,,Surface condition,Slope gradient (i.e. elevation change),Surface condition,,,,,,,,,,Surface condition,Surface condition,,,,Surface condition,,,,,,,,,,,,,,,,,,,,,,,,Slope gradient (i.e. elevation change),Slope gradient (i.e. elevation change),,,,,,Slope gradient (i.e. elevation change),,,,,,,,,,,Proximity to charging stations,,,,,,,,,Existence of detailed digital maps of the area,,,,,,,Zoning laws and regulation,,,"Existence of shade (e.g., trees)",,,,Vehicle traffic,Existence of detailed digital maps of the area,,,,,,,,,,,Curb ramp availability,,,Curb ramp availability,,Crowd dynamics - purpose with which people navigate in the space,,,,,,,,,,,Existence of detailed digital maps of the area,,,,,,Crowd dynamics - purpose with which people navigate in the space,,,Pedestrian flow,,,,,,Zoning laws and regulation,,,,,Pedestrian flow,Traffic management systems,,Traffic management systems,,,,,,,,Bicycle traffic,,,,,,,,,,,Existence of detailed digital maps of the area,,Bike lane availability,,,Pedestrian flow,,
2024-07-30 05:27:42,2024-07-30 05:42:29,IP Address,*******,100,887,True,2024-07-30 05:42:30,R_6Av6S6XmtOxMaVb,*******,*******,*******,*******,*******,*******,anonymous,EN,1,"I have read the above information, and have received answers to any questions I asked.,I consent to take part in the study.",academia,,28,Full Professor in Control and Automation,,,,,,,,,,Pedestrian flow,Street lighting,,,,,,,,"Existence of shade (e.g., trees)",,,,,,,,,,Intersection safety,,,,Existence of detailed digital maps of the area,,,Surface condition,,,,,,,,Traffic management systems,Surveillance coverage (CCTV),,,,,,,,,,,,,,,,,,,Weather conditions,,,,Pedestrian density ,Bike lane availability,,,,,Pedestrian density ,Pedestrian density ,,,,,,"Density of street furniture (e.g. garbage, poles)  ",,Local attitudes towards robots,,"Density of street furniture (e.g. garbage, poles)  ",,Traffic management systems,Surveillance coverage (CCTV),,,,,,,Bicycle traffic,"Density of street furniture (e.g. garbage, poles)  ",,,Surface condition,"Wireless communication infrastructure (e.g. 5G, IoT, Wi-Fi)",,,,,,,,,,,,"Existence of shade (e.g., trees)",,,,Vehicle traffic,Existence of detailed digital maps of the area,,,,,,,,,,,Surface condition,Surface condition,Street lighting,,,,,,Existence of detailed digital maps of the area,,,"Wireless communication infrastructure (e.g. 5G, IoT, Wi-Fi)",,,,,,,,,,,,,,,,Intersection safety,,,Slope gradient (i.e. elevation change),,,,,,,,,,,Slope gradient (i.e. elevation change),,,,,,,,,,,,,,,,,,Existence of detailed digital maps of the area,,Local attitudes towards robots,Weather conditions,,,,,,,,,,,,,,,Crowd dynamics - purpose with which people navigate in the space,,,,,Curb ramp availability,,,,Bicycle traffic,,,,,,Surveillance coverage (CCTV),Zoning laws and regulation,,,,Weather conditions,Pedestrian flow,,,,,,,,,,,,,,Crowd dynamics - purpose with which people navigate in the space,,Intersection safety,,,,Traffic management systems,,,,,,,,,,Surveillance coverage (CCTV),,,,,Surveillance coverage (CCTV),,,Zoning laws and regulation,,,,Pedestrian flow,,,,,,,,,"Em alguns casos, não havia equilíbrio entre as opções.",yes
2024-07-30 06:33:31,2024-07-30 06:39:21,IP Address,*******,100,349,True,2024-07-30 06:39:22,R_2IbouqkOwAy5SD2,*******,*******,*******,*******,*******,*******,anonymous,EN,1,"I have read the above information, and have received answers to any questions I asked.,I consent to take part in the study.",academia,,15,Professor of Human-Robot Interaction,,Sidewalk width,Sidewalk / Surface roughness,,Vehicle traffic,,,Street lighting,Street lighting,,,,,,,,,,,,,,Vehicle traffic,,,,Vehicle traffic,,,,,Intersection safety,,,,,,,,Sidewalk width,,Weather conditions,,,,,,,,GPS signal strength,,Sidewalk width,,,Intersection safety,,,,,,,,,Weather conditions,,,,,,,Pedestrian density ,,,,,Pedestrian density ,,,,,,,,,,,"Density of street furniture (e.g. garbage, poles)  ",,Zoning laws and regulation,,,"Density of street furniture (e.g. garbage, poles)  ",,,,,,,,,,,,,Weather conditions,,,,,,,,,,,,,,,,,,,,,Surface condition,,,,,,,,,,,,,,,,"Wireless communication infrastructure (e.g. 5G, IoT, Wi-Fi)",,,,,,,,,,,"Wireless communication infrastructure (e.g. 5G, IoT, Wi-Fi)",,,,Local attitudes towards robots,,,,,,Zoning laws and regulation,,Street lighting,Slope gradient (i.e. elevation change),,,,,,,,,Weather conditions,,,,,,Street lighting,,,,,,,Intersection safety,,,,,,Zoning laws and regulation,,Street lighting,,,Pedestrian flow,,,,,,,,Surveillance coverage (CCTV),Zoning laws and regulation,,Street lighting,,,,,Vehicle traffic,,,,,,Zoning laws and regulation,,Weather conditions,,,,,,,,,,,,Street lighting,,,,Crowd dynamics - purpose with which people navigate in the space,,,,Traffic management systems,,,,,Traffic management systems,,,,,Intersection safety,,Surveillance coverage (CCTV),Street lighting,,,,,,,,,Zoning laws and regulation,Zoning laws and regulation,,Zoning laws and regulation,,Zoning laws and regulation,,,,,,,,
2024-07-30 09:11:31,2024-07-30 09:18:47,IP Address,*******,100,436,True,2024-07-30 09:18:48,R_7S796vwQMvVbuL6,*******,*******,*******,*******,*******,*******,anonymous,EN,1,"I have read the above information, and have received answers to any questions I asked.,I consent to take part in the study.",academia,,12,Assistant Professor in Human-Computer Interaction,,,,,,,,,,,Bicycle traffic,,,Intersection safety,,Pedestrian flow,,,,Intersection safety,,,,,,,,Pedestrian flow,,,,,,Vehicle traffic,,,,,Sidewalk width,,,,,,,,,,,,Pedestrian flow,,,,,,,,,,,,,,,Pedestrian density ,,,,Pedestrian density ,,,,,,,Pedestrian density ,,,,,,,,,Crowd dynamics - purpose with which people navigate in the space,,,,,"Density of street furniture (e.g. garbage, poles)  ",,,,"Density of street furniture (e.g. garbage, poles)  ",,,,,,,,,,,,,,,,,,,,,Sidewalk / Surface roughness,,Sidewalk / Surface roughness,,,,,Curb ramp availability,,Crowd dynamics - purpose with which people navigate in the space,,,Surface condition,,,,Surface condition,,Surface condition,Surface condition,,,,"Wireless communication infrastructure (e.g. 5G, IoT, Wi-Fi)",,,,,,,"Wireless communication infrastructure (e.g. 5G, IoT, Wi-Fi)",,"Wireless communication infrastructure (e.g. 5G, IoT, Wi-Fi)",,,,,,"Wireless communication infrastructure (e.g. 5G, IoT, Wi-Fi)",,,,Curb ramp availability,Weather conditions,Crowd dynamics - purpose with which people navigate in the space,,,,,,,,,,Vehicle traffic,,,Local attitudes towards robots,,,,,,Zoning laws and regulation,Proximity to charging stations,,,,,,,,,,,Crowd dynamics - purpose with which people navigate in the space,,,,,,,,,,,Local attitudes towards robots,,,,,,,Curb ramp availability,,Curb ramp availability,,Pedestrian flow,,,,,,,Weather conditions,,,,,,,Weather conditions,,Weather conditions,,,Crowd dynamics - purpose with which people navigate in the space,,Crowd dynamics - purpose with which people navigate in the space,,Crowd dynamics - purpose with which people navigate in the space,,,,,Crowd dynamics - purpose with which people navigate in the space,Crowd dynamics - purpose with which people navigate in the space,,,,,,,Pedestrian flow,,,,,Zoning laws and regulation,,,,GPS signal strength,,,,,,,,,,,Zoning laws and regulation,,,,,,,,I think that people dynamics are very important. ,
2024-07-30 06:41:11,2024-07-30 10:16:53,IP Address,*******,100,12941,True,2024-07-30 10:16:53,R_8elXbZjmqwjod4Q,*******,*******,*******,*******,*******,*******,anonymous,EN,1,"I have read the above information, and have received answers to any questions I asked.,I consent to take part in the study.",academia,,3,PhD Student in Robotics,,,,Bike lane availability,,,,,,,,,,,,,Bicycle traffic,Vehicle traffic,,,Pedestrian flow,,,,,,,,Pedestrian flow,,,,,,,,,Slope gradient (i.e. elevation change),,,,,,,,,Sidewalk width,Sidewalk width,,,,,,,,Pedestrian density ,,,,,,,,,,,Pedestrian density ,,,,,Pedestrian density ,,Pedestrian density ,,,,"Density of street furniture (e.g. garbage, poles)  ","Density of street furniture (e.g. garbage, poles)  ",,,,,Curb ramp availability,,,,,,,,,,,,,"Density of street furniture (e.g. garbage, poles)  ",,Surface condition,,Slope gradient (i.e. elevation change),Sidewalk / Surface roughness,Local attitudes towards robots,,,Crowd dynamics - purpose with which people navigate in the space,Traffic management systems,,,Sidewalk / Surface roughness,Street lighting,,,,,,,,"Wireless communication infrastructure (e.g. 5G, IoT, Wi-Fi)",Slope gradient (i.e. elevation change),,,,,,,,,,,,,Pedestrian flow,,,,,,,,Curb ramp availability,,,,,,"Wireless communication infrastructure (e.g. 5G, IoT, Wi-Fi)",,,,,,,,,,,,,,,,,Slope gradient (i.e. elevation change),,,,,,,,,,,,,,,,,,,,Pedestrian flow,,Proximity to charging stations,,,,,,,Local attitudes towards robots,,,,Local attitudes towards robots,,,,,,Local attitudes towards robots,,,,,,,,,,,,,,,,Weather conditions,,,Weather conditions,,Weather conditions,,,,Weather conditions,,Weather conditions,Crowd dynamics - purpose with which people navigate in the space,,Crowd dynamics - purpose with which people navigate in the space,,,,,,,Crowd dynamics - purpose with which people navigate in the space,,,,,,,,,,Traffic management systems,Traffic management systems,,,,,,,,,,,,Intersection safety,,,,,,,,Existence of detailed digital maps of the area,Intersection safety,Bike lane availability,,Bike lane availability,,"Without knowing what type of wheels the robot has, it is not easy to judge whether some of the variables will be obstacles to for it.",amar.halilovic@uni-ulm.de
2024-07-30 11:24:23,2024-07-30 11:29:08,IP Address,*******,100,284,True,2024-07-30 11:29:09,R_1OTjf6mzpbWfxci,*******,*******,*******,*******,*******,*******,anonymous,EN,1,"I have read the above information, and have received answers to any questions I asked.,I consent to take part in the study.",academia,,15,Assistant Professor of Computer Science,Pedestrian density ,,,,,Existence of detailed digital maps of the area,,,,,,,Existence of detailed digital maps of the area,,,,,,,,,,,,Intersection safety,Pedestrian flow,,,,Vehicle traffic,,,,,,,,,,,,,,,Sidewalk width,Sidewalk width,,,,,,,Sidewalk width,,,,,,Pedestrian density ,Slope gradient (i.e. elevation change),Pedestrian density ,,,,,,,,Pedestrian density ,,,,Pedestrian density ,,,,,,,"Density of street furniture (e.g. garbage, poles)  ",,"Density of street furniture (e.g. garbage, poles)  ",,,,,,,,,,,,Pedestrian flow,,,,"Density of street furniture (e.g. garbage, poles)  ",,,,,,,,,,,Sidewalk / Surface roughness,,,,,Sidewalk / Surface roughness,,,,,,,Surface condition,,,Weather conditions,,,,,,,,,,,,,,Slope gradient (i.e. elevation change),,Local attitudes towards robots,,,,Traffic management systems,"Wireless communication infrastructure (e.g. 5G, IoT, Wi-Fi)",,,,,GPS signal strength,,,,,,Slope gradient (i.e. elevation change),,,,,Slope gradient (i.e. elevation change),Slope gradient (i.e. elevation change),,,,,,,,,,Slope gradient (i.e. elevation change),,Curb ramp availability,,,Proximity to charging stations,Proximity to charging stations,,,,Proximity to charging stations,Proximity to charging stations,,,,,,,,,Traffic management systems,,,,,,GPS signal strength,,Local attitudes towards robots,Vehicle traffic,,,,,,,,,,,,,,,Curb ramp availability,,,,,,,,,,,,,,,,,,,,,Crowd dynamics - purpose with which people navigate in the space,,,,,,,,Traffic management systems,,,,,,,Existence of detailed digital maps of the area,,,,,,,Pedestrian flow,,,Existence of detailed digital maps of the area,,Zoning laws and regulation,,,GPS signal strength,,,,,,,"Existence of shade (e.g., trees)",,Pedestrian flow,You should be surveying wheelchair users about this.,
2024-07-23 00:13:21,2024-07-23 13:47:10,IP Address,*******,87,48829,False,2024-07-30 13:47:14,R_6mEkUo7ex1ekRdA,*******,*******,*******,*******,*******,*******,anonymous,EN,1,"I have read the above information, and have received answers to any questions I asked.,I consent to take part in the study.",academia,,3,phd candidate,,,,,,,,,,,,,,,,,,,,,,,,,,,,,,,,,,,,,,,,,,,,,,,,,,,,,,,,,,,,,,,,,,,,,,,,,,,,,,,,,,,,,,,,,,,,,,,,,,,,,,,,,,,,,,,,,,,,,,,,,,,,,,,,,,,,,Pedestrian flow,,,,,"Wireless communication infrastructure (e.g. 5G, IoT, Wi-Fi)",,,,,,,,,,,,,,,,,,,,,,,,,,,Street lighting,,,,,,,,,,,,,,,,,,,,,,,,,,,,,,,,,,,,,,,,,,,,,,,,,,,,,,,,,,,,,,,,,,,,,,,,,,,,,Intersection safety,,,,,,,,,,,,,,,,,Pedestrian flow,,,,,,,,,,,,,,,,,,,
2024-07-31 02:26:25,2024-07-31 03:27:55,IP Address,*******,100,3690,True,2024-07-31 03:27:55,R_70UmGqfNsBTTwOR,*******,*******,*******,*******,*******,*******,anonymous,EN,1,"I have read the above information, and have received answers to any questions I asked.,I consent to take part in the study.",academia,,30+ years,Senior Lecturer in Robotics,,,,,,,,"Existence of shade (e.g., trees)",,Pedestrian flow,,Vehicle traffic,,,,,Bicycle traffic,,,,,,,,Intersection safety,,,,,,,Intersection safety,Vehicle traffic,,,,,,,Sidewalk width,,,,,,Sidewalk width,,,,,,,,,,Pedestrian density ,,,,Pedestrian density ,,,,,,,Pedestrian density ,,,,,,,,,,,,Surface condition,"Density of street furniture (e.g. garbage, poles)  ",,,,,Weather conditions,,,,,,,,"Density of street furniture (e.g. garbage, poles)  ",,,,,,,,,Sidewalk / Surface roughness,Sidewalk / Surface roughness,,,Sidewalk / Surface roughness,,,,,,,,,,Sidewalk / Surface roughness,,,Surface condition,,Surface condition,,,,,,,,,,,,,Surface condition,,,,Slope gradient (i.e. elevation change),,,,,,,"Wireless communication infrastructure (e.g. 5G, IoT, Wi-Fi)",,,,"Wireless communication infrastructure (e.g. 5G, IoT, Wi-Fi)",,,,,,,,,,,,,,,,,,,,,,,Slope gradient (i.e. elevation change),Local attitudes towards robots,,,,,,,Bike lane availability,,,,,,Vehicle traffic,,,,,,,,,Local attitudes towards robots,,,GPS signal strength,,,,,,,,,,,,Curb ramp availability,,,,,,Curb ramp availability,,Weather conditions,,,,,,Weather conditions,,,,,Weather conditions,,,,,,Crowd dynamics - purpose with which people navigate in the space,,,,Crowd dynamics - purpose with which people navigate in the space,,,Intersection safety,Traffic management systems,Zoning laws and regulation,,,,,Pedestrian flow,Bicycle traffic,Vehicle traffic,,,,,Street lighting,"Existence of shade (e.g., trees)",GPS signal strength,,,,,,Zoning laws and regulation,,,Zoning laws and regulation,,,,,,,,,,"In the Netherlands, bike lanes are quite common, but this are also the area with the highest densities and the most complicated dynamics. In the Netherlands, a robot can better stay at the side-walk with pedestrians.",
2024-07-25 09:00:10,2024-07-25 09:38:04,IP Address,*******,92,2273,False,2024-08-01 09:38:05,R_8HANvROk2bwX4pH,*******,*******,*******,*******,*******,*******,anonymous,EN,1,"I have read the above information, and have received answers to any questions I asked.,I consent to take part in the study.",academia,,16,Associate Professor in Robotics. ,,,,,,,,,,,,,,,,,,,,,,,GPS signal strength,,,,,,,,,,Existence of detailed digital maps of the area,,,,,,,,,,,,,,,,,,,,,,,,,,,Pedestrian density ,,Pedestrian density ,,,Crowd dynamics - purpose with which people navigate in the space,,,Pedestrian density ,,,,,,,,,,,,,,,,,,,,,,,,,,"Density of street furniture (e.g. garbage, poles)  ",,,,,,,,,,,,,,,,,,Sidewalk / Surface roughness,,,,,,,,,,,,,,,,,,,Surface condition,Surface condition,,,,,,,,,,,Crowd dynamics - purpose with which people navigate in the space,,,"Wireless communication infrastructure (e.g. 5G, IoT, Wi-Fi)",,,,,,,,,,,,,,,,,Zoning laws and regulation,Bike lane availability,,,,,,,Existence of detailed digital maps of the area,,,,,,,,,,,,,,,,,,,,,,,,,,,,,,,,,,,,,,,,,,,,,,,,,,,,,,,,,,,,,,,,,,GPS signal strength,,,,,,,,,,,,,,,,,,,,,,,,,,,,,,,,,,,,,,,,,
2024-07-23 15:02:38,2024-07-29 19:19:19,IP Address,*******,86,533801,False,2024-08-05 19:19:23,R_5MWB3MzJ4hzcUoy,*******,*******,*******,*******,*******,*******,anonymous,EN,1,"I have read the above information, and have received answers to any questions I asked.,I consent to take part in the study.",academia,,3,PhD student,,,,,,,,,,,,,,,,,,,,,,,,,,,,,,,,,,,,,,,,,,,,,,,,,,,,,,,,,,,,,,,,,,,,,,,,,,,,,,,,,,,,,,,,,,,,,,,,,,,,,,,,,,,,,,,,,,,,,,,,,,,,,,,,,,,,,,,,,,,,,,,,,,,,,,,,,,,,,,,,,,,,,,,,,,,,,,,,,,,,,,,,,,,,,,,,,,,,,,,,,,,,,,,,,,,,,,,,,,,,,,,,,,,,,,,,,,,,,,,,,,,,,,,,,,,,,,,,,,,,,,,,,,,,,,,,,,,,,,
2024-07-30 07:05:44,2024-07-30 07:09:10,IP Address,*******,82,205,False,2024-08-06 07:09:13,R_8qBG9VPpdpP12A9,*******,*******,*******,*******,*******,*******,anonymous,EN,,"I have read the above information, and have received answers to any questions I asked.,I consent to take part in the study.",academia,,5,PHD CANDIDATE,,,,,,,,,,,,,,,,,,,,,,,,,,,,,,,,,,,,,,,,,,,,,,,,,,,,,,,,,,,,,,,,,,,,,,,,,,,,,,,,,,,,,,,,,,,,,,,,,,,,,,,,,,,,,,,,,,,,,,,,,,,,,,,,,,,,,,,,,,,,,,,,,,,,,,,,,,,,,,,,,,,,,,,,,,,,,,,,,,,,,,,,,,,,,,,,,,,,,,,,,,,,,,,,,,,,,,,,,,,,,,,,,,,,,,,,,,,,,,,,,,,,,,,,,,,,,,,,,,,,,,,,,,,,,,,,,,,,,,
2024-08-06 06:23:55,2024-08-06 07:43:19,IP Address,*******,100,4764,True,2024-08-06 07:43:20,R_8TSnX38N9ah94Kl,*******,*******,*******,*******,*******,*******,anonymous,EN,1,"I have read the above information, and have received answers to any questions I asked.,I consent to take part in the study.",academia,,30+,Assistant Professor in Robotics (Robotics course responsible),,,,,,,Intersection safety,,,,,,,Intersection safety,,Pedestrian flow,,,,,,,,,,Pedestrian flow,,,,,,,,,Intersection safety,,,,,,,,,,,,,,Sidewalk width,Sidewalk width,,,,,,,,,,,,,,,,Pedestrian density ,,,Pedestrian density ,,,,,,,Pedestrian density ,,"Density of street furniture (e.g. garbage, poles)  ",,,,,,,,,"Density of street furniture (e.g. garbage, poles)  ","Density of street furniture (e.g. garbage, poles)  ",,"Density of street furniture (e.g. garbage, poles)  ",,,,,,,,Intersection safety,,Sidewalk / Surface roughness,Sidewalk / Surface roughness,,,,,,,,,,,,,,,,,,Surface condition,,,,,,,,,,Surface condition,Surface condition,,,,,,Surface condition,,,"Wireless communication infrastructure (e.g. 5G, IoT, Wi-Fi)",,,,,,,,,,,GPS signal strength,Pedestrian flow,,,,,Slope gradient (i.e. elevation change),,,,,,Slope gradient (i.e. elevation change),Zoning laws and regulation,Slope gradient (i.e. elevation change),,,Slope gradient (i.e. elevation change),Slope gradient (i.e. elevation change),,,,Intersection safety,,,,,,Proximity to charging stations,Zoning laws and regulation,,,,,,,,,,,,,,Local attitudes towards robots,Local attitudes towards robots,,,,,Local attitudes towards robots,,,,,,,,,Zoning laws and regulation,Bike lane availability,,,,,,,,,,Weather conditions,,,,,,,Weather conditions,Weather conditions,,,Weather conditions,,Crowd dynamics - purpose with which people navigate in the space,Zoning laws and regulation,,,,,,,Crowd dynamics - purpose with which people navigate in the space,,,,,,,,,,,Vehicle traffic,,,Zoning laws and regulation,,,,,Pedestrian flow,,,,,,,,,,Zoning laws and regulation,,,,,Bike lane availability,,,"There's not enough info on the robot. Criteria for different ""wheeled robots"" can be very different.",joao.silva.sequeira@tecnico.ulisboa.pt
2024-08-07 07:54:16,2024-08-07 08:06:04,IP Address,*******,100,708,True,2024-08-07 08:06:04,R_7Ox9DsTg6Ny8L5e,*******,*******,*******,*******,*******,*******,anonymous,EN,1,"I have read the above information, and have received answers to any questions I asked.,I consent to take part in the study.",academia,,9,Assistant Professor in Robotics,Pedestrian density ,,Sidewalk width,,,Existence of detailed digital maps of the area,,,,,,Street lighting,Street lighting,,,Pedestrian flow,,,,,,GPS signal strength,,,,,Pedestrian flow,,,,,,,Vehicle traffic,,Sidewalk width,Sidewalk width,,,,,,,,,,,,,Sidewalk width,Pedestrian flow,,Sidewalk width,Sidewalk width,,,,Pedestrian density ,,,,,,,,,,,,,Pedestrian density ,,Pedestrian density ,,,,,,Surface condition,,,,Local attitudes towards robots,Curb ramp availability,,,,,"Density of street furniture (e.g. garbage, poles)  ",,,,,,,"Density of street furniture (e.g. garbage, poles)  ",,,,,,,,,,,,,Sidewalk / Surface roughness,,,,,Pedestrian flow,,,,,,,,,,,,,,Surface condition,,,,,Pedestrian flow,,,,,,"Wireless communication infrastructure (e.g. 5G, IoT, Wi-Fi)",,,,,,,,,,,,,,"Wireless communication infrastructure (e.g. 5G, IoT, Wi-Fi)",,"Wireless communication infrastructure (e.g. 5G, IoT, Wi-Fi)",,,,,,,,,,,,,,,,,,,,,Crowd dynamics - purpose with which people navigate in the space,,,,,,,,,,,Proximity to charging stations,,,Weather conditions,Crowd dynamics - purpose with which people navigate in the space,Local attitudes towards robots,,,,,,,,,,,,Curb ramp availability,,Curb ramp availability,,,,,Curb ramp availability,,,,,Curb ramp availability,,,,,Weather conditions,,,Weather conditions,,,,Weather conditions,,,,Crowd dynamics - purpose with which people navigate in the space,,Crowd dynamics - purpose with which people navigate in the space,Crowd dynamics - purpose with which people navigate in the space,Crowd dynamics - purpose with which people navigate in the space,,,,,Crowd dynamics - purpose with which people navigate in the space,,,,,,,,,,,Traffic management systems,,,,,"Existence of shade (e.g., trees)",,,,,,,Bike lane availability,,,,,,,,,,,,,,
2024-08-07 16:44:29,2024-08-08 03:01:49,IP Address,*******,100,37039,True,2024-08-08 03:01:49,R_5BcM8qplOKCs3nP,*******,*******,*******,*******,*******,*******,anonymous,EN,0.699999988079071,"I have read the above information, and have received answers to any questions I asked.,I consent to take part in the study.",academia,,3,PhD student,,"Density of street furniture (e.g. garbage, poles) ",,Bike lane availability,,,,,,,,,,,,,,,,,,,,,,,,,,,,,,,,,,,,,,,,,,,,,Sidewalk width,,,Sidewalk width,,,,,,,,,,,,Pedestrian density ,,Pedestrian density ,,,,Pedestrian density ,,,,,,Pedestrian density ,,"Density of street furniture (e.g. garbage, poles)  ",,"Wireless communication infrastructure (e.g. 5G, IoT, Wi-Fi)",,,,,,,,,,,,"Density of street furniture (e.g. garbage, poles)  ",,,"Density of street furniture (e.g. garbage, poles)  ",,,,,,,,,Sidewalk / Surface roughness,,,,Sidewalk / Surface roughness,,Sidewalk / Surface roughness,,,,,,Sidewalk / Surface roughness,Sidewalk / Surface roughness,,,,Surface condition,,,,Crowd dynamics - purpose with which people navigate in the space,,,,,Surface condition,,,,,Surface condition,,,,,,"Wireless communication infrastructure (e.g. 5G, IoT, Wi-Fi)",,,,,,"Wireless communication infrastructure (e.g. 5G, IoT, Wi-Fi)",,,,,,,,,,,,,,Traffic management systems,,,Slope gradient (i.e. elevation change),Slope gradient (i.e. elevation change),,,,,,Existence of detailed digital maps of the area,,,Curb ramp availability,Weather conditions,,,,,,Street lighting,,GPS signal strength,,Bicycle traffic,,,Intersection safety,Local attitudes towards robots,,,,,Local attitudes towards robots,,,Local attitudes towards robots,,,,Local attitudes towards robots,,,,,,Curb ramp availability,,Curb ramp availability,Curb ramp availability,,,Pedestrian flow,,,,,Crowd dynamics - purpose with which people navigate in the space,,,,,,,,,,,,,,,,,,,,,,Crowd dynamics - purpose with which people navigate in the space,,Crowd dynamics - purpose with which people navigate in the space,,,,,Traffic management systems,,,,,,,,,,,,,Bicycle traffic,,,Intersection safety,,,,GPS signal strength,,,Zoning laws and regulation,Zoning laws and regulation,,,,,,,
2024-08-02 17:51:32,2024-08-02 17:55:04,IP Address,*******,84,211,False,2024-08-09 17:55:05,R_50U8XxXYbNPj9Re,*******,*******,*******,*******,*******,*******,anonymous,EN,1,"I have read the above information, and have received answers to any questions I asked.,I consent to take part in the study.",academia,,5,anonymous,,,,,,,,,,,,,,,,,,,,,,,,,,,,,,,,,,,,,,,,,,,,,,,,,,,,,,,Sidewalk width,,,,,,,,,,,,,,,,,,,,,,,,,,,,,,,,,,,,,,,,,,,,,,,,,,,,,,Sidewalk / Surface roughness,,,,,,,,,,,,,,,,,,,,,,Surface condition,,,,,,Surface condition,,,,,,,,,,,,,,,,,"Wireless communication infrastructure (e.g. 5G, IoT, Wi-Fi)",,,,,,,,,,,,,,,,,,,,,,,,,,,,,,,,,,,,,,,,,,,,,,,,,,,,,,,,,,,,,,,,,,,,,,,,,,,,,,,,,,,,,,,,,,,,,,,,,,,,,,,,,,,,,,,,,,,,,,,,,,,,
2024-08-05 09:30:52,2024-08-05 09:34:00,IP Address,*******,82,188,False,2024-08-12 09:34:00,R_8rGLuVrLs2nAHJd,*******,*******,*******,*******,*******,*******,anonymous,EN,0.800000011920929,"I have read the above information, and have received answers to any questions I asked.,I consent to take part in the study.",academia,,10,Assistant Professor in Robotics,,,,,,,,,,,,,,,,,,,,,,,,,,,,,,,,,,,,,,,,,,,,,,,,,,,,,,,,,,,,,,,,,,,,,,,,,,,,,,,,,,,,,,,,,,,,,,,,,,,,,,,,,,,,,,,,,,,,,,,,,,,,,,,,,,,,,,,,,,,,,,,,,,,,,,,,,,,,,,,,Slope gradient (i.e. elevation change),,,,,,,,,,,,,,,,,,,,,,,,,,,,,,,,,,,,,,,,,,,,,,,,,,,,,,,,,,,,,,,,,,,,,,,,,,,,,,,,,,,,,,,,,,,,,,,,,,,,,,,,,,,,,,,,,,,,,,
2024-08-08 04:52:11,2024-08-08 04:54:36,IP Address,*******,84,145,False,2024-08-15 04:54:37,R_2cM8D9fEDY5ZMOd,*******,*******,*******,*******,*******,*******,anonymous,EN,1,"I have read the above information, and have received answers to any questions I asked.,I consent to take part in the study.",academia,,3,Professor in HCI,,,,,,,Bike lane availability,,,,,,,,,,,,,,,,,,,,,,,,,,,,,,,,,,,,,,,,,,,,,,,,,,,,,,,,,,,,,,,,,,,Pedestrian density ,,,,,,,,,,,,,,,,,,,,,,,,,,,,,,,,,,,,,,,,,,,,,,,,,,,,,,,,,,,,,,,,,,,,,,,,,,,,,,,,,,,,,,,,,,,,,,,,,,,,,,,,,,,,,,,,,,,,,,,,,,,,,,Bicycle traffic,,,,,,,,,,,,,,,,,,,,,,,,,,,,,,,,,,,,,,,Crowd dynamics - purpose with which people navigate in the space,,,,,Zoning laws and regulation,,,,,,,,,,,,,,,,,,,,,,,,Pedestrian flow,,,,,,,,,,
2024-08-07 08:32:10,2024-08-16 15:05:09,IP Address,*******,100,801178,True,2024-08-16 15:05:09,R_3HiQHIalkzAq4mq,*******,*******,*******,*******,*******,*******,anonymous,EN,1,"I have read the above information, and have received answers to any questions I asked.,I consent to take part in the study.",academia,,5,Assistant Professor of Computer Science,,"Density of street furniture (e.g. garbage, poles) ",,Bicycle traffic,,,,,,,,,,,,,,,,,,,GPS signal strength,,,Pedestrian flow,,,Pedestrian flow,,,,,,,Sidewalk width,,,,,,,,,,,,,,,,,,,Intersection safety,,,,,,Pedestrian density ,,,,,,Pedestrian density ,,,Pedestrian density ,,,,Pedestrian density ,,,,"Density of street furniture (e.g. garbage, poles)  ",,,,,,,,,,,,,,,,Pedestrian flow,,,,,Surface condition,,,,Local attitudes towards robots,,,Crowd dynamics - purpose with which people navigate in the space,,Sidewalk / Surface roughness,Sidewalk / Surface roughness,,,,GPS signal strength,Pedestrian flow,Bicycle traffic,,,Intersection safety,,,Surface condition,Local attitudes towards robots,Surface condition,Surface condition,,,,,,,,,,,,,,,,,,,Crowd dynamics - purpose with which people navigate in the space,,,,,,,,,,,,,,,,Slope gradient (i.e. elevation change),,Slope gradient (i.e. elevation change),,,,,,,,,,,,,,,,,,,,,Proximity to charging stations,,,,,Proximity to charging stations,Intersection safety,,,,,,,,Local attitudes towards robots,,,,Local attitudes towards robots,,,,,,,,,Curb ramp availability,,,GPS signal strength,Pedestrian flow,,,,,,,,,Weather conditions,,,,Pedestrian flow,,Vehicle traffic,,,,,,Crowd dynamics - purpose with which people navigate in the space,,,Crowd dynamics - purpose with which people navigate in the space,,,,,,,,,,"Existence of shade (e.g., trees)",GPS signal strength,,Bicycle traffic,,,,,,Street lighting,,GPS signal strength,,,,,Intersection safety,,,,,,,Vehicle traffic,,,,,,Pedestrian flow,,
2024-08-17 16:06:16,2024-08-17 16:13:54,IP Address,*******,100,458,True,2024-08-17 16:13:55,R_6E58JbJ6EorO0il,*******,*******,*******,*******,*******,*******,anonymous,EN,1,"I have read the above information, and have received answers to any questions I asked.,I consent to take part in the study.",academia,,25,Professor of Computer Science,,,,,Vehicle traffic,,,,,,,,,,,,,,,Intersection safety,,,,,Intersection safety,,,,,,,,,,,,,,,,,Sidewalk width,,,,,,,,Sidewalk width,,,,,,,,,,,,Pedestrian density ,,,Pedestrian density ,,,,Pedestrian density ,,,,,,,Pedestrian density ,Intersection safety,,,,,,,,,,Traffic management systems,,,Bike lane availability,,"Density of street furniture (e.g. garbage, poles)  ",,,"Density of street furniture (e.g. garbage, poles)  ",,Existence of detailed digital maps of the area,,,,,,,Curb ramp availability,,,,,,,Sidewalk / Surface roughness,,,,,,,,,,,,,,,,Surveillance coverage (CCTV),,,Surface condition,,Surface condition,,Surface condition,,,,,Proximity to charging stations,"Wireless communication infrastructure (e.g. 5G, IoT, Wi-Fi)",Curb ramp availability,,,,,,,,,,,"Wireless communication infrastructure (e.g. 5G, IoT, Wi-Fi)",Vehicle traffic,,,,,Slope gradient (i.e. elevation change),,Slope gradient (i.e. elevation change),,,,,Slope gradient (i.e. elevation change),,,Pedestrian flow,,,,Intersection safety,,,,Proximity to charging stations,,,,Proximity to charging stations,,,,,,,,,Curb ramp availability,,Crowd dynamics - purpose with which people navigate in the space,,,,,,,,,,,,Intersection safety,,Curb ramp availability,Curb ramp availability,Curb ramp availability,Curb ramp availability,,Curb ramp availability,,,,,Vehicle traffic,,,Crowd dynamics - purpose with which people navigate in the space,,,Weather conditions,,,,,,,,,,Traffic management systems,Surveillance coverage (CCTV),,,,,,,,,,Crowd dynamics - purpose with which people navigate in the space,,,,,,,,,,,,,,,,,,,,Existence of detailed digital maps of the area,,,,,,,Bicycle traffic,,Existence of detailed digital maps of the area,,,,,,,
2024-08-19 06:41:08,2024-08-19 06:47:28,IP Address,*******,100,379,True,2024-08-19 06:47:29,R_1Fs2DlekPwoD00v,*******,*******,*******,*******,*******,*******,anonymous,EN,1,"I have read the above information, and have received answers to any questions I asked.,I consent to take part in the study.",academia,,2,PhD Candidate in human-robot interaction,,,,,,,,,,,,,Existence of detailed digital maps of the area,Intersection safety,,Pedestrian flow,Bicycle traffic,,,,,,,,GPS signal strength,,,,,,Existence of detailed digital maps of the area,,,,Intersection safety,,"Wireless communication infrastructure (e.g. 5G, IoT, Wi-Fi)",,Sidewalk width,Sidewalk width,,,Sidewalk width,,,,,,,GPS signal strength,Pedestrian flow,,Sidewalk width,,,"Density of street furniture (e.g. garbage, poles)  ",,Surface condition,,,,Local attitudes towards robots,Curb ramp availability,,,Traffic management systems,,Pedestrian density ,Pedestrian density ,,,,,,,,,,,,,"Density of street furniture (e.g. garbage, poles)  ",,,,,,,,,"Density of street furniture (e.g. garbage, poles)  ",,,,,,,,,Sidewalk / Surface roughness,,,,,,,,Sidewalk / Surface roughness,,,,,,,,,,,Surface condition,,,,,,,,,,,,Surface condition,,,,Surface condition,,,,,,,,,,"Wireless communication infrastructure (e.g. 5G, IoT, Wi-Fi)","Wireless communication infrastructure (e.g. 5G, IoT, Wi-Fi)",,,"Wireless communication infrastructure (e.g. 5G, IoT, Wi-Fi)",GPS signal strength,,,,,,Slope gradient (i.e. elevation change),,,,,,,,Slope gradient (i.e. elevation change),,,,,,,,,,,,,,,Zoning laws and regulation,,,,,,Proximity to charging stations,,,,,,,,,,Local attitudes towards robots,,,,Local attitudes towards robots,,Local attitudes towards robots,,,,,,,,,,,,,,,,,,,,Weather conditions,,Weather conditions,,,,,,Weather conditions,,,,,,,,,,,Crowd dynamics - purpose with which people navigate in the space,,,Traffic management systems,,,Street lighting,,,,,,,,,Bike lane availability,,"Existence of shade (e.g., trees)",,,,Vehicle traffic,,,,,,,,,,,Intersection safety,,,GPS signal strength,,,
2024-08-19 08:33:57,2024-08-19 10:34:23,IP Address,*******,100,7225,True,2024-08-19 10:34:24,R_1tbTpv4H0gkLah3,*******,*******,*******,*******,*******,*******,anonymous,EN,1,"I have read the above information, and have received answers to any questions I asked.,I consent to take part in the study.",academia,,15,Assistant Professor,,"Density of street furniture (e.g. garbage, poles) ",Sidewalk width,,,,,,,Pedestrian flow,,,,,GPS signal strength,,Bicycle traffic,,,,,,,,,,,Pedestrian flow,,,,,,,,,,,,,,,Crowd dynamics - purpose with which people navigate in the space,,,,,,,,,,,,Intersection safety,,,,,Pedestrian density ,,,,,Crowd dynamics - purpose with which people navigate in the space,,,,,,,,Pedestrian flow,,,,,,,,,,,,,Crowd dynamics - purpose with which people navigate in the space,,,,,,,,,,,,,,,,Proximity to charging stations,,,,Crowd dynamics - purpose with which people navigate in the space,,,,,,Sidewalk / Surface roughness,Sidewalk / Surface roughness,,,Sidewalk / Surface roughness,,,,,,,,,,Traffic management systems,,Surface condition,Bike lane availability,,"Existence of shade (e.g., trees)",Surface condition,,,,,Intersection safety,"Wireless communication infrastructure (e.g. 5G, IoT, Wi-Fi)",,,,,,,,,,,,,,,,,,,,,,,,,,,,,GPS signal strength,,Bicycle traffic,,,,,,Proximity to charging stations,,Traffic management systems,,Proximity to charging stations,,,Proximity to charging stations,,,,Vehicle traffic,,,,,Crowd dynamics - purpose with which people navigate in the space,Traffic management systems,,Zoning laws and regulation,,Street lighting,Local attitudes towards robots,,,,,,,,Crowd dynamics - purpose with which people navigate in the space,,Curb ramp availability,Curb ramp availability,,,,,,Bicycle traffic,,,,Crowd dynamics - purpose with which people navigate in the space,,Weather conditions,,,,,Weather conditions,,,,,,,Crowd dynamics - purpose with which people navigate in the space,Zoning laws and regulation,,,,,,,Crowd dynamics - purpose with which people navigate in the space,,Intersection safety,,,,Traffic management systems,,,,,,Traffic management systems,,Zoning laws and regulation,,,,,,,,,,,,,,,,,,,,,,,"Its a good idea for IRB reasons to allow people to skip questions. IRBs typically require that people cannot be forced to answer questions. You can achieve this in the validations section of qualtrics by requesting response and not forcing response. Also, adding some differentiating definitions would be helpful. For instance, I am not sure what the exact difference between pedestrian density and pedestrian flow were. The sheet of conditions did not provide answers so a lot of guessing on what you mean happened. Also some of the indicators I viewed as nested within other ones. For instance, traffic management systems likely encompass most of the others so I weighted it more heavily than others.    ",
2024-08-19 10:21:03,2024-08-19 10:38:02,IP Address,*******,100,1019,True,2024-08-19 10:38:03,R_6Pt9TcnjeWyWA9f,*******,*******,*******,*******,*******,*******,anonymous,EN,1,"I have read the above information, and have received answers to any questions I asked.,I consent to take part in the study.",academia,,11,Professor of Engineering,,,,,Bike lane availability,Existence of detailed digital maps of the area,,,,,Street lighting,,,,,,,,,Intersection safety,,GPS signal strength,,,,,,,Intersection safety,,Existence of detailed digital maps of the area,,,,,,,Sidewalk width,,,,,,,,Sidewalk width,,,Sidewalk width,,Sidewalk width,,,,,,,Surface condition,,,,,,Weather conditions,,,,,,,,,,,,,,,Surface condition,,,,,Curb ramp availability,,,,,,"Density of street furniture (e.g. garbage, poles)  ",,,,"Density of street furniture (e.g. garbage, poles)  ",,,,,,,,,,,,,,,Sidewalk / Surface roughness,,Sidewalk / Surface roughness,,,Sidewalk / Surface roughness,Sidewalk / Surface roughness,,,Intersection safety,,Surface condition,,,,Weather conditions,Surface condition,,,,,Surface condition,,,,,,,,,,,,,,,,,,,,,,"Wireless communication infrastructure (e.g. 5G, IoT, Wi-Fi)",,Existence of detailed digital maps of the area,,,,Curb ramp availability,,Crowd dynamics - purpose with which people navigate in the space,Traffic management systems,,,,,,,,,,,,,,,Crowd dynamics - purpose with which people navigate in the space,,,,,,,,,,,,,,,,,,,,,,,,,Local attitudes towards robots,Existence of detailed digital maps of the area,,Curb ramp availability,,Curb ramp availability,,,,,Curb ramp availability,,,,Curb ramp availability,Curb ramp availability,,,,,,Weather conditions,,,,,,,,,,,,,,,,Crowd dynamics - purpose with which people navigate in the space,,,,,Traffic management systems,Traffic management systems,,,,,,Traffic management systems,,,,,,,,,,Surveillance coverage (CCTV),,Existence of detailed digital maps of the area,,Bike lane availability,,,,,Bicycle traffic,,,,Street lighting,,,Bike lane availability,"Our work on navigation in outdoor public spaces has focused on parks, outdoor walking malls with large crowds. It is biased to California outdoor living and lack of bicycle infrastructure.",
2024-08-20 22:49:44,2024-08-20 22:58:28,IP Address,*******,100,524,True,2024-08-20 22:58:29,R_6LXBTnWTTvtuCss,*******,*******,*******,*******,*******,*******,anonymous,EN,1,"I have read the above information, and have received answers to any questions I asked.,I consent to take part in the study.",academia,,4,Ph.D. candidate in Robotics,,,,,,,Intersection safety,Street lighting,,,,,,,,,,,Existence of detailed digital maps of the area,,,,,,,,,,,,,Bicycle traffic,,,Intersection safety,Sidewalk width,Sidewalk width,,,,Sidewalk width,,,Sidewalk width,Sidewalk width,,,,,,,,,,,Pedestrian density ,Pedestrian density ,,,,,,,,,,,,,Pedestrian density ,Pedestrian density ,,,,,Pedestrian density ,,,,"Density of street furniture (e.g. garbage, poles)  ",,,,,"Density of street furniture (e.g. garbage, poles)  ",,,,,,,,"Density of street furniture (e.g. garbage, poles)  ",,,,,"Density of street furniture (e.g. garbage, poles)  ",Surface condition,,,,,,,,,,,,,,,,,,Existence of detailed digital maps of the area,,,,,,,,,,Surface condition,,,,,,Pedestrian flow,Surface condition,,,,,,,,,Crowd dynamics - purpose with which people navigate in the space,,,"Wireless communication infrastructure (e.g. 5G, IoT, Wi-Fi)",,"Wireless communication infrastructure (e.g. 5G, IoT, Wi-Fi)",,,,,,,"Wireless communication infrastructure (e.g. 5G, IoT, Wi-Fi)",,Local attitudes towards robots,,Slope gradient (i.e. elevation change),,,,,,,Slope gradient (i.e. elevation change),,,,,Existence of detailed digital maps of the area,,,,,,,,,Bike lane availability,,,,Pedestrian flow,,,Existence of detailed digital maps of the area,,,,,,Surveillance coverage (CCTV),,,,,,,Bicycle traffic,,,Intersection safety,,,,,,Curb ramp availability,,,,,,,,Intersection safety,,Traffic management systems,,,,,Weather conditions,,,,,,,Crowd dynamics - purpose with which people navigate in the space,,,,,,,,,,,,,,Bike lane availability,,,,Pedestrian flow,,,,,,,,,GPS signal strength,,,,,Intersection safety,,,,,Pedestrian flow,,,Existence of detailed digital maps of the area,Intersection safety,,,,,,
2024-08-21 21:05:29,2024-08-21 21:11:09,IP Address,*******,100,339,True,2024-08-21 21:11:09,R_5fGEmxgwhIlWFOU,*******,*******,*******,*******,*******,*******,anonymous,EN,1,"I have read the above information, and have received answers to any questions I asked.,I consent to take part in the study.",academia,,2 (since completion of PhD),Postdoc in Human-Robot Interaction,Pedestrian density ,,,Bicycle traffic,,,,,,,,Vehicle traffic,,,,,,,,,,,Vehicle traffic,,,,Pedestrian flow,,,,,,,Intersection safety,,,,,,,,,,,,,,,,,,,,Sidewalk width,,,,,Pedestrian density ,,Pedestrian density ,,,,,,,,,,,Pedestrian density ,,,Pedestrian density ,,Pedestrian density ,"Density of street furniture (e.g. garbage, poles)  ",,,"Density of street furniture (e.g. garbage, poles)  ","Density of street furniture (e.g. garbage, poles)  ","Density of street furniture (e.g. garbage, poles)  ",,,,"Density of street furniture (e.g. garbage, poles)  ","Density of street furniture (e.g. garbage, poles)  ",,,,,,,"Density of street furniture (e.g. garbage, poles)  ",,"Density of street furniture (e.g. garbage, poles)  ",,,,Sidewalk / Surface roughness,,Sidewalk / Surface roughness,Curb ramp availability,,,,,,Sidewalk / Surface roughness,,,,,,,,,,,Surface condition,Surface condition,,,,,,,,,,,,,,,,,,,,Weather conditions,,Traffic management systems,,,,,,GPS signal strength,,,Vehicle traffic,,,,,,,,,,,Slope gradient (i.e. elevation change),,,,,,,,Slope gradient (i.e. elevation change),Local attitudes towards robots,,,,,Proximity to charging stations,,,Street lighting,,,,Bicycle traffic,,,,Curb ramp availability,,,,,,,,,,Pedestrian flow,,,,,,,,,,,,,Curb ramp availability,,,,,,,,,,,,,,,,,Weather conditions,Weather conditions,,,,Crowd dynamics - purpose with which people navigate in the space,Crowd dynamics - purpose with which people navigate in the space,Crowd dynamics - purpose with which people navigate in the space,Crowd dynamics - purpose with which people navigate in the space,,Crowd dynamics - purpose with which people navigate in the space,,,,,,,,,,,,Vehicle traffic,,,,,,,,,,,,,,Street lighting,Zoning laws and regulation,,,,,,,,Bike lane availability,,,,
2024-08-16 10:44:46,2024-08-16 10:47:04,IP Address,*******,2,137,False,2024-08-23 10:47:06,R_8252CNvf118jgs1,*******,*******,*******,*******,*******,*******,anonymous,EN,1,"I have read the above information, and have received answers to any questions I asked.,I consent to take part in the study.",academia,,1,Research assistant in social robotics,,,,,,,,,,,,,,,,,,,,,,,,,,,,,,,,,,,,,,,,,,,,,,,,,,,,,,,,,,,,,,,,,,,,,,,,,,,,,,,,,,,,,,,,,,,,,,,,,,,,,,,,,,,,,,,,,,,,,,,,,,,,,,,,,,,,,,,,,,,,,,,,,,,,,,,,,,,,,,,,,,,,,,,,,,,,,,,,,,,,,,,,,,,,,,,,,,,,,,,,,,,,,,,,,,,,,,,,,,,,,,,,,,,,,,,,,,,,,,,,,,,,,,,,,,,,,,,,,,,,,,,,,,,,,,,,,,,,,,
2024-08-16 11:01:41,2024-08-16 11:03:05,IP Address,*******,2,84,False,2024-08-23 11:03:07,R_25vIJCSgDDCq8wG,*******,*******,*******,*******,*******,*******,anonymous,EN,0.800000011920929,"I have read the above information, and have received answers to any questions I asked.,I consent to take part in the study.",academia,,6,PhD student ,,,,,,,,,,,,,,,,,,,,,,,,,,,,,,,,,,,,,,,,,,,,,,,,,,,,,,,,,,,,,,,,,,,,,,,,,,,,,,,,,,,,,,,,,,,,,,,,,,,,,,,,,,,,,,,,,,,,,,,,,,,,,,,,,,,,,,,,,,,,,,,,,,,,,,,,,,,,,,,,,,,,,,,,,,,,,,,,,,,,,,,,,,,,,,,,,,,,,,,,,,,,,,,,,,,,,,,,,,,,,,,,,,,,,,,,,,,,,,,,,,,,,,,,,,,,,,,,,,,,,,,,,,,,,,,,,,,,,,
2024-09-04 08:37:27,2024-09-04 09:18:49,IP Address,*******,100,2481,True,2024-09-04 09:18:49,R_2lfUcSuaekzPC5Z,*******,*******,*******,*******,*******,*******,anonymous,EN,1,"I have read the above information, and have received answers to any questions I asked.,I consent to take part in the study.",academia,,5,PhD student,,,Sidewalk width,,,Existence of detailed digital maps of the area,,,Street lighting,,,,,Intersection safety,,,Bicycle traffic,,,,,,,,,,,,,,,,,,,,,,,,,Weather conditions,,,,,,,Sidewalk width,,,,,Existence of detailed digital maps of the area,,,,,"Wireless communication infrastructure (e.g. 5G, IoT, Wi-Fi)",,Pedestrian density ,,,,,Pedestrian density ,,,,,,,Pedestrian density ,,,,,,,,"Density of street furniture (e.g. garbage, poles)  ",,,"Density of street furniture (e.g. garbage, poles)  ",,,,,"Density of street furniture (e.g. garbage, poles)  ",,"Density of street furniture (e.g. garbage, poles)  ",,,,,,,"Density of street furniture (e.g. garbage, poles)  ",,,,Proximity to charging stations,,,,,,Sidewalk / Surface roughness,,,,,,,Bicycle traffic,,,,,,,,,,,Surface condition,,Zoning laws and regulation,,,,,,,,,,,,,,,,"Wireless communication infrastructure (e.g. 5G, IoT, Wi-Fi)",,,,,,,,,,,,,,,,,Traffic management systems,,,,,Slope gradient (i.e. elevation change),,,,Vehicle traffic,Existence of detailed digital maps of the area,,,,,,,,,,,Proximity to charging stations,,,,,,,,,,,,,Local attitudes towards robots,,,GPS signal strength,Pedestrian flow,,,,,,,,,,,,,,,Curb ramp availability,,,,,Weather conditions,Weather conditions,,Weather conditions,,Weather conditions,,,,Weather conditions,Weather conditions,,,,,,,,Crowd dynamics - purpose with which people navigate in the space,,,,,,Traffic management systems,Traffic management systems,,,,GPS signal strength,Pedestrian flow,,,,,,,,"Existence of shade (e.g., trees)",,Pedestrian flow,Bicycle traffic,,,,,Zoning laws and regulation,,,,Zoning laws and regulation,,,,Bike lane availability,,,Pedestrian flow,,
2024-09-04 10:40:58,2024-09-04 10:45:39,IP Address,*******,100,280,True,2024-09-04 10:45:40,R_5CUAeSYewdqC0fv,*******,*******,*******,*******,*******,*******,anonymous,EN,1,"I have read the above information, and have received answers to any questions I asked.,I consent to take part in the study.",academia,,5,PhD Student,,,,Bicycle traffic,Vehicle traffic,,,"Existence of shade (e.g., trees)",,Pedestrian flow,Bicycle traffic,Vehicle traffic,,,,,,,Existence of detailed digital maps of the area,,,,,,,,,,,,,,,,Existence of detailed digital maps of the area,,Sidewalk width,,,,Curb ramp availability,,,Traffic management systems,,,,,,,,,,,,,,,,,,,,,Pedestrian density ,,,,,,,,,,,,,,,,,,,,,Crowd dynamics - purpose with which people navigate in the space,,,,"Density of street furniture (e.g. garbage, poles)  ",,"Density of street furniture (e.g. garbage, poles)  ",,,,,,,Sidewalk / Surface roughness,,,,,Curb ramp availability,,,,,,Sidewalk / Surface roughness,,,,,,,,,,,,,,,,,,,,Surface condition,Surface condition,GPS signal strength,,,,,Surface condition,Slope gradient (i.e. elevation change),,Local attitudes towards robots,,,,,,,,,,,,,,,Intersection safety,,,,,,,,,,Slope gradient (i.e. elevation change),,,Slope gradient (i.e. elevation change),,,,,,,,,,,Zoning laws and regulation,Bike lane availability,Proximity to charging stations,,,Pedestrian flow,,,,,,,,,,,,,,,,,Local attitudes towards robots,,,Curb ramp availability,,,Curb ramp availability,Zoning laws and regulation,Curb ramp availability,,Curb ramp availability,,Curb ramp availability,,,,,,,,Zoning laws and regulation,,,,,,,,,Weather conditions,,,,,,,,,Crowd dynamics - purpose with which people navigate in the space,,,Crowd dynamics - purpose with which people navigate in the space,,,Traffic management systems,Traffic management systems,Traffic management systems,,,,,,Traffic management systems,,,,,,,,,,,,,,Zoning laws and regulation,Zoning laws and regulation,,Zoning laws and regulation,,,,,Bike lane availability,,,
